file_name,status,row_count,col_count,river_id_col,river_id_value,river_name_col,river_name_value,date_col,min_date,max_date,unique_dates,duplicate_dates,has_discharge,discharge_col,discharge_missing,discharge_neg_count,discharge_zero_count,discharge_mean,discharge_max,has_rain,rain_col,rain_missing,rain_neg_count,rain_zero_count,rain_mean,rain_max,missing_ratio_mean,high_missing_cols_over_50pct,static_features_present,static_features_missing_ratio
01434000.csv,OK,4018,71,river_id,1434000,river_name,River 18,date,2014-01-01,2024-12-31,4018.0,0.0,True,usgs_00060_discharge_cubic_feet_per_second,0.0,0.0,0.0,5583.459432553509,68800.0,True,weather_precipitation_sum,0.0,0.0,1872.0,3.2205823792931807,115.4,0.08658221103625234,7,"river_drainage_area_sqmi, river_mainstem_length_km, river_elevation_ft, river_gage_datum_ft, river_latitude, river_longitude","{'river_drainage_area_sqmi': 0.0, 'river_mainstem_length_km': 1.0, 'river_elevation_ft': 0.0, 'river_gage_datum_ft': 1.0, 'river_latitude': 0.0, 'river_longitude': 0.0}"
01435000.csv,OK,4018,90,river_id,1435000,river_name,River 19,date,2014-01-01,2024-12-31,4018.0,0.0,True,usgs_00060_discharge_cubic_feet_per_second,0.0,0.0,0.0,211.4359880537581,4930.0,True,usgs_00045_precipitation_total_inches,3032.0,0.0,567.0,0.15780933062880323,3.5,0.29588241800785353,28,"river_drainage_area_sqmi, river_mainstem_length_km, river_elevation_ft, river_gage_datum_ft, river_latitude, river_longitude","{'river_drainage_area_sqmi': 0.0, 'river_mainstem_length_km': 1.0, 'river_elevation_ft': 0.0, 'river_gage_datum_ft': 1.0, 'river_latitude': 0.0, 'river_longitude': 0.0}"
01439500.csv,OK,4018,68,river_id,1439500,river_name,River 2,date,2014-01-01,2024-12-31,4018.0,0.0,True,usgs_00060_discharge_cubic_feet_per_second,0.0,0.0,0.0,258.13700846192137,3710.0,True,weather_precipitation_sum,0.0,0.0,1905.0,3.3521154803384765,85.1,0.093791175006588,9,"river_drainage_area_sqmi, river_mainstem_length_km, river_elevation_ft, river_gage_datum_ft, river_latitude, river_longitude","{'river_drainage_area_sqmi': 0.0, 'river_mainstem_length_km': 1.0, 'river_elevation_ft': 0.0, 'river_gage_datum_ft': 1.0, 'river_latitude': 0.0, 'river_longitude': 0.0}"
01440400.csv,OK,4018,84,river_id,1440400,river_name,River 20,date,2014-01-01,2024-12-31,4018.0,0.0,True,usgs_00060_discharge_cubic_feet_per_second,1.0,0.0,0.0,150.29635548917105,2820.0,False,,,,,,,0.2866298087179122,25,"river_drainage_area_sqmi, river_mainstem_length_km, river_elevation_ft, river_gage_datum_ft, river_latitude, river_longitude","{'river_drainage_area_sqmi': 0.0, 'river_mainstem_length_km': 1.0, 'river_elevation_ft': 0.0, 'river_gage_datum_ft': 1.0, 'river_latitude': 0.0, 'river_longitude': 0.0}"
01451800.csv,OK,4018,87,river_id,1451800,river_name,River 3,date,2014-01-01,2024-12-31,4018.0,0.0,True,usgs_00060_discharge_cubic_feet_per_second,0.0,0.0,0.0,104.94186908909906,2930.0,False,,,,,,,0.2766859477180275,25,"river_drainage_area_sqmi, river_mainstem_length_km, river_elevation_ft, river_gage_datum_ft, river_latitude, river_longitude","{'river_drainage_area_sqmi': 0.0, 'river_mainstem_length_km': 1.0, 'river_elevation_ft': 0.0, 'river_gage_datum_ft': 1.0, 'river_latitude': 0.0, 'river_longitude': 0.0}"
01463500.csv,OK,4018,90,river_id,1463500,river_name,River 9,date,2014-01-01,2024-12-31,4018.0,0.0,True,usgs_00060_discharge_cubic_feet_per_second,0.0,0.0,0.0,12742.481333997013,138000.0,True,weather_precipitation_sum,0.0,0.0,1961.0,3.4088103534096565,112.4,0.09707427686521763,9,"river_drainage_area_sqmi, river_mainstem_length_km, river_elevation_ft, river_gage_datum_ft, river_latitude, river_longitude","{'river_drainage_area_sqmi': 0.0, 'river_mainstem_length_km': 1.0, 'river_elevation_ft': 0.0, 'river_gage_datum_ft': 1.0, 'river_latitude': 0.0, 'river_longitude': 0.0}"
01464500.csv,OK,4018,72,river_id,1464500,river_name,River 21,date,2014-01-01,2024-12-31,4018.0,0.0,True,usgs_00060_discharge_cubic_feet_per_second,0.0,0.0,0.0,124.75754106520657,3470.0,True,weather_precipitation_sum,0.0,0.0,1955.0,3.3057740169238428,77.3,0.08790650406504066,9,"river_drainage_area_sqmi, river_mainstem_length_km, river_elevation_ft, river_gage_datum_ft, river_latitude, river_longitude","{'river_drainage_area_sqmi': 0.0, 'river_mainstem_length_km': 1.0, 'river_elevation_ft': 0.0, 'river_gage_datum_ft': 1.0, 'river_latitude': 0.0, 'river_longitude': 0.0}"
01466500.csv,OK,4018,89,river_id,1466500,river_name,River 4,date,2014-01-01,2024-12-31,4018.0,0.0,True,usgs_00060_discharge_cubic_feet_per_second,0.0,0.0,0.0,1.83086112493778,10.3,False,,,,,,,0.2750907433403616,25,"river_drainage_area_sqmi, river_mainstem_length_km, river_elevation_ft, river_gage_datum_ft, river_latitude, river_longitude","{'river_drainage_area_sqmi': 0.0, 'river_mainstem_length_km': 1.0, 'river_elevation_ft': 0.0, 'river_gage_datum_ft': 1.0, 'river_latitude': 0.0, 'river_longitude': 0.0}"
01470500.csv,OK,4018,83,river_id,1470500,river_name,River 22,date,2014-01-01,2024-12-31,4018.0,0.0,True,usgs_00060_discharge_cubic_feet_per_second,0.0,0.0,0.0,756.2885515181682,13600.0,False,,,,,,,0.27710843373493976,23,"river_drainage_area_sqmi, river_mainstem_length_km, river_elevation_ft, river_gage_datum_ft, river_latitude, river_longitude","{'river_drainage_area_sqmi': 0.0, 'river_mainstem_length_km': 1.0, 'river_elevation_ft': 0.0, 'river_gage_datum_ft': 1.0, 'river_latitude': 0.0, 'river_longitude': 0.0}"
01474000.csv,OK,4018,80,river_id,1474000,river_name,River 23,date,2014-01-01,2024-12-31,4018.0,0.0,True,usgs_00060_discharge_cubic_feet_per_second,0.0,0.0,0.0,118.45440517670484,7260.0,True,weather_precipitation_sum,0.0,0.0,1976.0,3.3503484320557493,85.7,0.2095165505226481,18,"river_drainage_area_sqmi, river_mainstem_length_km, river_elevation_ft, river_gage_datum_ft, river_latitude, river_longitude","{'river_drainage_area_sqmi': 0.0, 'river_mainstem_length_km': 1.0, 'river_elevation_ft': 0.0, 'river_gage_datum_ft': 1.0, 'river_latitude': 0.0, 'river_longitude': 0.0}"
01481000.csv,OK,4018,83,river_id,1481000,river_name,River 24,date,2014-01-01,2024-12-31,4018.0,0.0,True,usgs_00060_discharge_cubic_feet_per_second,0.0,0.0,0.0,457.03787954206075,19500.0,True,usgs_00045_precipitation_total_inches,8.0,0.0,2558.0,0.13421945137157107,5.12,0.07356054381787978,4,"river_drainage_area_sqmi, river_mainstem_length_km, river_elevation_ft, river_gage_datum_ft, river_latitude, river_longitude","{'river_drainage_area_sqmi': 0.0, 'river_mainstem_length_km': 1.0, 'river_elevation_ft': 0.0, 'river_gage_datum_ft': 1.0, 'river_latitude': 0.0, 'river_longitude': 0.0}"
01485000.csv,OK,4018,84,river_id,1485000,river_name,River 25,date,2014-01-01,2024-12-31,4018.0,0.0,True,usgs_00060_discharge_cubic_feet_per_second,0.0,0.0,0.0,74.09622946739671,2050.0,False,,,,,,,0.27380952380952384,23,"river_drainage_area_sqmi, river_mainstem_length_km, river_elevation_ft, river_gage_datum_ft, river_latitude, river_longitude","{'river_drainage_area_sqmi': 0.0, 'river_mainstem_length_km': 1.0, 'river_elevation_ft': 0.0, 'river_gage_datum_ft': 1.0, 'river_latitude': 0.0, 'river_longitude': 0.0}"
01487000.csv,OK,4018,65,river_id,1487000,river_name,River 26,date,2014-01-01,2024-12-31,4018.0,0.0,True,usgs_00060_discharge_cubic_feet_per_second,0.0,0.0,0.0,97.7808362369338,1750.0,True,weather_precipitation_sum,0.0,0.0,1961.0,3.3486062717770038,92.2,0.046153846153846156,3,"river_drainage_area_sqmi, river_mainstem_length_km, river_elevation_ft, river_gage_datum_ft, river_latitude, river_longitude","{'river_drainage_area_sqmi': 0.0, 'river_mainstem_length_km': 1.0, 'river_elevation_ft': 0.0, 'river_gage_datum_ft': 1.0, 'river_latitude': 0.0, 'river_longitude': 0.0}"
01488500.csv,OK,4018,63,river_id,1488500,river_name,River 27,date,2014-01-01,2024-12-31,4018.0,0.0,True,usgs_00060_discharge_cubic_feet_per_second,0.0,0.0,0.0,61.96157292185167,2040.0,True,weather_precipitation_sum,0.0,0.0,1973.0,3.3484818317570935,103.4,0.047619047619047616,3,"river_drainage_area_sqmi, river_mainstem_length_km, river_elevation_ft, river_gage_datum_ft, river_latitude, river_longitude","{'river_drainage_area_sqmi': 0.0, 'river_mainstem_length_km': 1.0, 'river_elevation_ft': 0.0, 'river_gage_datum_ft': 1.0, 'river_latitude': 0.0, 'river_longitude': 0.0}"
01491000.csv,OK,4018,89,river_id,1491000,river_name,Delaware River at Trenton,date,2014-01-01,2024-12-31,4018.0,0.0,True,usgs_00060_discharge_cubic_feet_per_second,0.0,0.0,0.0,169.1026455948233,3300.0,False,,,,,,,0.31582038131777784,29,"river_drainage_area_sqmi, river_mainstem_length_km, river_elevation_ft, river_gage_datum_ft, river_latitude, river_longitude","{'river_drainage_area_sqmi': 0.0, 'river_mainstem_length_km': 1.0, 'river_elevation_ft': 0.0, 'river_gage_datum_ft': 1.0, 'river_latitude': 0.0, 'river_longitude': 0.0}"
01493500.csv,OK,4018,64,river_id,1493500,river_name,River 1,date,2014-01-01,2024-12-31,4018.0,0.0,True,usgs_00060_discharge_cubic_feet_per_second,0.0,0.0,0.0,12.592192633150821,582.0,True,weather_precipitation_sum,0.0,0.0,1975.0,3.687655550024888,94.1,0.046875,3,"river_drainage_area_sqmi, river_mainstem_length_km, river_elevation_ft, river_gage_datum_ft, river_latitude, river_longitude","{'river_drainage_area_sqmi': 0.0, 'river_mainstem_length_km': 1.0, 'river_elevation_ft': 0.0, 'river_gage_datum_ft': 1.0, 'river_latitude': 0.0, 'river_longitude': 0.0}"
01503000.csv,OK,4018,70,river_id,1503000,river_name,River 5,date,2014-01-01,2024-12-31,4018.0,0.0,True,usgs_00060_discharge_cubic_feet_per_second,0.0,0.0,0.0,3841.315331010453,33700.0,True,weather_precipitation_sum,0.0,0.0,1533.0,3.099427575908412,69.7,0.12509421887221786,9,"river_drainage_area_sqmi, river_mainstem_length_km, river_elevation_ft, river_gage_datum_ft, river_latitude, river_longitude","{'river_drainage_area_sqmi': 0.0, 'river_mainstem_length_km': 1.0, 'river_elevation_ft': 0.0, 'river_gage_datum_ft': 1.0, 'river_latitude': 0.0, 'river_longitude': 0.0}"
01512500.csv,OK,4018,84,river_id,1512500,river_name,River 29,date,2014-01-01,2024-12-31,4018.0,0.0,True,usgs_00060_discharge_cubic_feet_per_second,0.0,0.0,0.0,2774.0044798407166,25100.0,False,,,,,,,0.27380952380952384,23,"river_drainage_area_sqmi, river_mainstem_length_km, river_elevation_ft, river_gage_datum_ft, river_latitude, river_longitude","{'river_drainage_area_sqmi': 0.0, 'river_mainstem_length_km': 1.0, 'river_elevation_ft': 0.0, 'river_gage_datum_ft': 1.0, 'river_latitude': 0.0, 'river_longitude': 0.0}"
01514000.csv,OK,4018,84,river_id,1514000,river_name,River 30,date,2014-01-01,2024-12-31,4018.0,0.0,True,usgs_00060_discharge_cubic_feet_per_second,1368.0,0.0,0.0,319.78049056603777,9100.0,False,,,,,,,0.27786271302946264,23,"river_drainage_area_sqmi, river_mainstem_length_km, river_elevation_ft, river_gage_datum_ft, river_latitude, river_longitude","{'river_drainage_area_sqmi': 0.0, 'river_mainstem_length_km': 1.0, 'river_elevation_ft': 0.0, 'river_gage_datum_ft': 1.0, 'river_latitude': 0.0, 'river_longitude': 0.0}"
01516500.csv,OK,4018,63,river_id,1516500,river_name,River 6,date,2014-01-01,2024-12-31,4018.0,0.0,True,usgs_00060_discharge_cubic_feet_per_second,4.0,0.0,0.0,13.692987045341306,540.0,True,weather_precipitation_sum,0.0,0.0,1599.0,2.768690890990542,72.4,0.04763484952633783,3,"river_drainage_area_sqmi, river_mainstem_length_km, river_elevation_ft, river_gage_datum_ft, river_latitude, river_longitude","{'river_drainage_area_sqmi': 0.0, 'river_mainstem_length_km': 1.0, 'river_elevation_ft': 0.0, 'river_gage_datum_ft': 1.0, 'river_latitude': 0.0, 'river_longitude': 0.0}"
01520000.csv,OK,4018,68,river_id,1520000,river_name,River 31,date,2014-01-01,2024-12-31,4018.0,0.0,True,usgs_00060_discharge_cubic_feet_per_second,6.0,0.0,0.0,333.39047108673975,4830.0,True,weather_precipitation_sum,0.0,0.0,1633.0,2.6800398208063716,93.6,0.05922612947618072,3,"river_drainage_area_sqmi, river_mainstem_length_km, river_elevation_ft, river_gage_datum_ft, river_latitude, river_longitude","{'river_drainage_area_sqmi': 0.0, 'river_mainstem_length_km': 1.0, 'river_elevation_ft': 0.0, 'river_gage_datum_ft': 1.0, 'river_latitude': 0.0, 'river_longitude': 0.0}"
01531000.csv,OK,4018,65,river_id,1531000,river_name,River 7,date,2014-01-01,2024-12-31,4018.0,0.0,True,usgs_00060_discharge_cubic_feet_per_second,0.0,0.0,0.0,2766.3076157292185,39500.0,True,weather_precipitation_sum,0.0,0.0,1631.0,2.809830761572922,102.6,0.03076923076923077,2,"river_drainage_area_sqmi, river_mainstem_length_km, river_elevation_ft, river_gage_datum_ft, river_latitude, river_longitude","{'river_drainage_area_sqmi': 0.0, 'river_mainstem_length_km': 1.0, 'river_elevation_ft': 0.0, 'river_gage_datum_ft': 1.0, 'river_latitude': 0.0, 'river_longitude': 0.0}"
01536000.csv,OK,4018,63,river_id,1536000,river_name,River 34,date,2014-01-01,2024-12-31,4018.0,0.0,True,usgs_00060_discharge_cubic_feet_per_second,0.0,0.0,0.0,505.4741911398706,8710.0,True,weather_precipitation_sum,0.0,0.0,1751.0,3.061423593827775,92.6,0.047619047619047616,3,"river_drainage_area_sqmi, river_mainstem_length_km, river_elevation_ft, river_gage_datum_ft, river_latitude, river_longitude","{'river_drainage_area_sqmi': 0.0, 'river_mainstem_length_km': 1.0, 'river_elevation_ft': 0.0, 'river_gage_datum_ft': 1.0, 'river_latitude': 0.0, 'river_longitude': 0.0}"
01538000.csv,OK,4018,82,river_id,1538000,river_name,River 36,date,2014-01-01,2024-12-31,4018.0,0.0,True,usgs_00060_discharge_cubic_feet_per_second,0.0,0.0,0.0,74.15118964659034,1950.0,False,,,,,,,0.2804878048780488,23,"river_drainage_area_sqmi, river_mainstem_length_km, river_elevation_ft, river_gage_datum_ft, river_latitude, river_longitude","{'river_drainage_area_sqmi': 0.0, 'river_mainstem_length_km': 1.0, 'river_elevation_ft': 0.0, 'river_gage_datum_ft': 1.0, 'river_latitude': 0.0, 'river_longitude': 0.0}"
01539000.csv,OK,4018,62,river_id,1539000,river_name,River 37,date,2014-01-01,2024-12-31,4018.0,0.0,True,usgs_00060_discharge_cubic_feet_per_second,0.0,0.0,0.0,522.0624191139871,13100.0,True,weather_precipitation_sum,0.0,0.0,1804.0,3.234245893479343,148.2,0.04838709677419355,3,"river_drainage_area_sqmi, river_mainstem_length_km, river_elevation_ft, river_gage_datum_ft, river_latitude, river_longitude","{'river_drainage_area_sqmi': 0.0, 'river_mainstem_length_km': 1.0, 'river_elevation_ft': 0.0, 'river_gage_datum_ft': 1.0, 'river_latitude': 0.0, 'river_longitude': 0.0}"
01540500.csv,OK,4018,79,river_id,1540500,river_name,River 8,date,2014-01-01,2024-12-31,4018.0,0.0,True,usgs_00060_discharge_cubic_feet_per_second,0.0,0.0,0.0,17334.350423096068,156000.0,True,weather_precipitation_sum,0.0,0.0,1825.0,3.0846689895470387,131.3,0.09257392367258728,9,"river_drainage_area_sqmi, river_mainstem_length_km, river_elevation_ft, river_gage_datum_ft, river_latitude, river_longitude","{'river_drainage_area_sqmi': 0.0, 'river_mainstem_length_km': 1.0, 'river_elevation_ft': 0.0, 'river_gage_datum_ft': 1.0, 'river_latitude': 0.0, 'river_longitude': 0.0}"
01541000.csv,OK,4018,63,river_id,1541000,river_name,River 39,date,2014-01-01,2024-12-31,4018.0,0.0,True,usgs_00060_discharge_cubic_feet_per_second,0.0,0.0,0.0,597.7737680438029,13800.0,True,weather_precipitation_sum,4018.0,0.0,0.0,,,0.36507936507936506,23,"river_drainage_area_sqmi, river_mainstem_length_km, river_elevation_ft, river_gage_datum_ft, river_latitude, river_longitude","{'river_drainage_area_sqmi': 0.0, 'river_mainstem_length_km': 1.0, 'river_elevation_ft': 0.0, 'river_gage_datum_ft': 1.0, 'river_latitude': 0.0, 'river_longitude': 0.0}"
01543000.csv,OK,4018,62,river_id,1543000,river_name,River 41,date,2014-01-01,2024-12-31,4018.0,0.0,True,usgs_00060_discharge_cubic_feet_per_second,0.0,0.0,0.0,475.75765803882535,7920.0,True,weather_precipitation_sum,4018.0,0.0,0.0,,,0.3709677419354839,23,"river_drainage_area_sqmi, river_mainstem_length_km, river_elevation_ft, river_gage_datum_ft, river_latitude, river_longitude","{'river_drainage_area_sqmi': 0.0, 'river_mainstem_length_km': 1.0, 'river_elevation_ft': 0.0, 'river_gage_datum_ft': 1.0, 'river_latitude': 0.0, 'river_longitude': 0.0}"
01544000 (2).csv,OK,4018,64,river_id,1544000,river_name,River 42,date,2014-01-01,2024-12-31,4018.0,0.0,True,usgs_00060_discharge_cubic_feet_per_second,0.0,0.0,0.0,437.84644101543057,4900.0,True,weather_precipitation_sum,0.0,0.0,1575.0,3.1190642110502735,82.8,0.046875,3,"river_drainage_area_sqmi, river_mainstem_length_km, river_elevation_ft, river_gage_datum_ft, river_latitude, river_longitude","{'river_drainage_area_sqmi': 0.0, 'river_mainstem_length_km': 1.0, 'river_elevation_ft': 0.0, 'river_gage_datum_ft': 1.0, 'river_latitude': 0.0, 'river_longitude': 0.0}"
01544000.csv,OK,4018,64,river_id,1544000,river_name,River 42,date,2014-01-01,2024-12-31,4018.0,0.0,True,usgs_00060_discharge_cubic_feet_per_second,0.0,0.0,0.0,437.84644101543057,4900.0,True,weather_precipitation_sum,0.0,0.0,1575.0,3.1190642110502735,82.8,0.046875,3,"river_drainage_area_sqmi, river_mainstem_length_km, river_elevation_ft, river_gage_datum_ft, river_latitude, river_longitude","{'river_drainage_area_sqmi': 0.0, 'river_mainstem_length_km': 1.0, 'river_elevation_ft': 0.0, 'river_gage_datum_ft': 1.0, 'river_latitude': 0.0, 'river_longitude': 0.0}"
01583500.csv,OK,4018,65,river_id,1583500,river_name,River 12,date,2014-01-01,2024-12-31,4018.0,0.0,True,usgs_00060_discharge_cubic_feet_per_second,0.0,0.0,0.0,79.58924838227973,2960.0,True,weather_precipitation_sum,4018.0,0.0,0.0,,,0.36320404334341616,24,"river_drainage_area_sqmi, river_mainstem_length_km, river_elevation_ft, river_gage_datum_ft, river_latitude, river_longitude","{'river_drainage_area_sqmi': 0.0, 'river_mainstem_length_km': 1.0, 'river_elevation_ft': 0.0, 'river_gage_datum_ft': 1.0, 'river_latitude': 0.0, 'river_longitude': 0.0}"
01589000.csv,OK,4018,67,river_id,1589000,river_name,River 10,date,2014-01-01,2024-12-31,4018.0,0.0,True,usgs_00060_discharge_cubic_feet_per_second,0.0,0.0,0.0,239.9061224489796,8570.0,True,weather_precipitation_sum,4018.0,0.0,0.0,,,0.38154424492767625,26,"river_drainage_area_sqmi, river_mainstem_length_km, river_elevation_ft, river_gage_datum_ft, river_latitude, river_longitude","{'river_drainage_area_sqmi': 0.0, 'river_mainstem_length_km': 1.0, 'river_elevation_ft': 0.0, 'river_gage_datum_ft': 1.0, 'river_latitude': 0.0, 'river_longitude': 0.0}"
01631000.csv,OK,4018,65,river_id,1631000,river_name,River 13,date,2014-01-01,2024-12-31,4018.0,0.0,True,usgs_00060_discharge_cubic_feet_per_second,0.0,0.0,0.0,1676.6854156296665,29800.0,True,weather_precipitation_sum,4018.0,0.0,0.0,,,0.35384615384615387,23,"river_drainage_area_sqmi, river_mainstem_length_km, river_elevation_ft, river_gage_datum_ft, river_latitude, river_longitude","{'river_drainage_area_sqmi': 0.0, 'river_mainstem_length_km': 1.0, 'river_elevation_ft': 0.0, 'river_gage_datum_ft': 1.0, 'river_latitude': 0.0, 'river_longitude': 0.0}"
01632000.csv,OK,4018,65,river_id,1632000,river_name,River 14,date,2014-01-01,2024-12-31,4018.0,0.0,True,usgs_00060_discharge_cubic_feet_per_second,0.0,0.0,0.0,200.94181433549028,9730.0,True,weather_precipitation_sum,4018.0,0.0,0.0,,,0.35384615384615387,23,"river_drainage_area_sqmi, river_mainstem_length_km, river_elevation_ft, river_gage_datum_ft, river_latitude, river_longitude","{'river_drainage_area_sqmi': 0.0, 'river_mainstem_length_km': 1.0, 'river_elevation_ft': 0.0, 'river_gage_datum_ft': 1.0, 'river_latitude': 0.0, 'river_longitude': 0.0}"
01638500.csv,OK,4018,70,river_id,1638500,river_name,River 15,date,2014-01-01,2024-12-31,4018.0,0.0,True,usgs_00060_discharge_cubic_feet_per_second,0.0,0.0,0.0,9627.51592832255,151000.0,True,weather_precipitation_sum,4018.0,0.0,0.0,,,0.3770141506079784,28,"river_drainage_area_sqmi, river_mainstem_length_km, river_elevation_ft, river_gage_datum_ft, river_latitude, river_longitude","{'river_drainage_area_sqmi': 0.0, 'river_mainstem_length_km': 1.0, 'river_elevation_ft': 0.0, 'river_gage_datum_ft': 1.0, 'river_latitude': 0.0, 'river_longitude': 0.0}"
01643000.csv,OK,4018,64,river_id,1643000,river_name,River 16,date,2014-01-01,2024-12-31,4018.0,0.0,True,usgs_00060_discharge_cubic_feet_per_second,0.0,0.0,0.0,1061.7367844698856,27700.0,True,weather_precipitation_sum,4018.0,0.0,0.0,,,0.359375,23,"river_drainage_area_sqmi, river_mainstem_length_km, river_elevation_ft, river_gage_datum_ft, river_latitude, river_longitude","{'river_drainage_area_sqmi': 0.0, 'river_mainstem_length_km': 1.0, 'river_elevation_ft': 0.0, 'river_gage_datum_ft': 1.0, 'river_latitude': 0.0, 'river_longitude': 0.0}"
01646000.csv,OK,4018,71,river_id,1646000,river_name,North Anna River at Ground Squirrel Flat,date,2014-01-01,2024-12-31,4018.0,0.0,True,usgs_00060_discharge_cubic_feet_per_second,0.0,0.0,0.0,70.54242658038825,2530.0,True,weather_precipitation_sum,4018.0,0.0,0.0,,,0.33248971178990316,23,"river_drainage_area_sqmi, river_mainstem_length_km, river_elevation_ft, river_gage_datum_ft, river_latitude, river_longitude","{'river_drainage_area_sqmi': 0.0, 'river_mainstem_length_km': 1.0, 'river_elevation_ft': 0.0, 'river_gage_datum_ft': 1.0, 'river_latitude': 0.0, 'river_longitude': 0.0}"
01668000.csv,OK,4018,91,river_id,1668000,river_name,Rappahannock River near Fredericksburg,date,2014-01-01,2024-12-31,4018.0,0.0,True,usgs_00060_discharge_cubic_feet_per_second,0.0,0.0,0.0,1799.790194126431,59800.0,False,,,,,,,0.2830695934230031,25,"river_drainage_area_sqmi, river_mainstem_length_km, river_elevation_ft, river_gage_datum_ft, river_latitude, river_longitude","{'river_drainage_area_sqmi': 0.0, 'river_mainstem_length_km': 1.0, 'river_elevation_ft': 0.0, 'river_gage_datum_ft': 1.0, 'river_latitude': 0.0, 'river_longitude': 0.0}"
02045500.csv,OK,4018,85,river_id,2045500,river_name,James River at Cartersville,date,2014-01-01,2024-12-31,4018.0,0.0,True,usgs_00060_discharge_cubic_feet_per_second,1.0,0.0,0.0,483.2103808812547,8690.0,False,,,,,,,0.2705911632945861,23,"river_drainage_area_sqmi, river_mainstem_length_km, river_elevation_ft, river_gage_datum_ft, river_latitude, river_longitude","{'river_drainage_area_sqmi': 0.0, 'river_mainstem_length_km': 1.0, 'river_elevation_ft': 0.0, 'river_gage_datum_ft': 1.0, 'river_latitude': 0.0, 'river_longitude': 0.0}"
02051500.csv,OK,4018,85,river_id,2051500,river_name,Appomattox River near Matoaca,date,2014-01-01,2024-12-31,4018.0,0.0,True,usgs_00060_discharge_cubic_feet_per_second,1.0,0.0,0.0,500.05247697286535,13600.0,False,,,,,,,0.2705911632945861,23,"river_drainage_area_sqmi, river_mainstem_length_km, river_elevation_ft, river_gage_datum_ft, river_latitude, river_longitude","{'river_drainage_area_sqmi': 0.0, 'river_mainstem_length_km': 1.0, 'river_elevation_ft': 0.0, 'river_gage_datum_ft': 1.0, 'river_latitude': 0.0, 'river_longitude': 0.0}"
02059500.csv,OK,4018,65,river_id,2059500,river_name,Goose Creek near Huddleston,date,2014-01-01,2024-12-31,4018.0,0.0,True,usgs_00060_discharge_cubic_feet_per_second,0.0,0.0,0.0,209.49186162269788,8950.0,True,weather_precipitation_sum,4018.0,0.0,0.0,,,0.35384615384615387,23,"river_drainage_area_sqmi, river_mainstem_length_km, river_elevation_ft, river_gage_datum_ft, river_latitude, river_longitude","{'river_drainage_area_sqmi': 0.0, 'river_mainstem_length_km': 1.0, 'river_elevation_ft': 0.0, 'river_gage_datum_ft': 1.0, 'river_latitude': 0.0, 'river_longitude': 0.0}"
02064000.csv,OK,4018,85,river_id,2064000,river_name,Roanoke River at Roanoke,date,2014-01-01,2024-12-31,4018.0,0.0,True,usgs_00060_discharge_cubic_feet_per_second,417.0,0.0,0.0,165.24651485698416,15200.0,False,,,,,,,0.27180921148947385,23,"river_drainage_area_sqmi, river_mainstem_length_km, river_elevation_ft, river_gage_datum_ft, river_latitude, river_longitude","{'river_drainage_area_sqmi': 0.0, 'river_mainstem_length_km': 1.0, 'river_elevation_ft': 0.0, 'river_gage_datum_ft': 1.0, 'river_latitude': 0.0, 'river_longitude': 0.0}"
02077200.csv,OK,4018,86,river_id,2077200,river_name,Dan River at Paces,date,2014-01-01,2024-12-31,4018.0,0.0,True,usgs_00060_discharge_cubic_feet_per_second,0.0,0.0,104.0,77.03065704330513,8200.0,False,,,,,,,0.26794540845266074,23,"river_drainage_area_sqmi, river_mainstem_length_km, river_elevation_ft, river_gage_datum_ft, river_latitude, river_longitude","{'river_drainage_area_sqmi': 0.0, 'river_mainstem_length_km': 1.0, 'river_elevation_ft': 0.0, 'river_gage_datum_ft': 1.0, 'river_latitude': 0.0, 'river_longitude': 0.0}"
02081500.csv,OK,4018,85,river_id,2081500,river_name,Roanoke River near Scotland Neck,date,2014-01-01,2024-12-31,4018.0,0.0,True,usgs_00060_discharge_cubic_feet_per_second,0.0,0.0,5.0,228.60979591836733,14500.0,False,,,,,,,0.27070535531285683,23,"river_drainage_area_sqmi, river_mainstem_length_km, river_elevation_ft, river_gage_datum_ft, river_latitude, river_longitude","{'river_drainage_area_sqmi': 0.0, 'river_mainstem_length_km': 1.0, 'river_elevation_ft': 0.0, 'river_gage_datum_ft': 1.0, 'river_latitude': 0.0, 'river_longitude': 0.0}"
02082500.csv,OK,4018,81,river_id,2082500,river_name,USGS 02082500,date,2014-01-01,2024-12-31,4018.0,0.0,False,,,,,,,False,,,,,,,0.2839506172839506,23,"river_drainage_area_sqmi, river_mainstem_length_km, river_elevation_ft, river_gage_datum_ft, river_latitude, river_longitude","{'river_drainage_area_sqmi': 0.0, 'river_mainstem_length_km': 1.0, 'river_elevation_ft': 0.0, 'river_gage_datum_ft': 1.0, 'river_latitude': 0.0, 'river_longitude': 0.0}"
02140991.csv,OK,4018,65,river_id,2140991,river_name,Johns River at Arneys Store,date,2014-01-01,2024-12-31,4018.0,0.0,True,usgs_00060_discharge_cubic_feet_per_second,0.0,0.0,0.0,560.0864360378297,27800.0,True,weather_precipitation_sum,4018.0,0.0,0.0,,,0.3540452578780105,23,"river_drainage_area_sqmi, river_mainstem_length_km, river_elevation_ft, river_gage_datum_ft, river_latitude, river_longitude","{'river_drainage_area_sqmi': 0.0, 'river_mainstem_length_km': 1.0, 'river_elevation_ft': 0.0, 'river_gage_datum_ft': 1.0, 'river_latitude': 0.0, 'river_longitude': 0.0}"
02143040.csv,OK,4018,86,river_id,2143040,river_name,Catawba River near Rock Hill,date,2014-01-01,2024-12-31,4018.0,0.0,True,usgs_00060_discharge_cubic_feet_per_second,0.0,0.0,0.0,60.86600547536087,2590.0,True,usgs_00045_precipitation_total_inches,1273.0,0.0,1710.0,0.1521857923497268,5.75,0.271186636878234,23,"river_drainage_area_sqmi, river_mainstem_length_km, river_elevation_ft, river_gage_datum_ft, river_latitude, river_longitude","{'river_drainage_area_sqmi': 0.0, 'river_mainstem_length_km': 1.0, 'river_elevation_ft': 0.0, 'river_gage_datum_ft': 1.0, 'river_latitude': 0.0, 'river_longitude': 0.0}"
02156500.csv,OK,4018,87,river_id,2156500,river_name,Broad River near Carlisle,date,2014-01-01,2024-12-31,4018.0,0.0,True,usgs_00060_discharge_cubic_feet_per_second,0.0,0.0,0.0,4538.470881035341,114000.0,False,,,,,,,0.2653833610820274,23,"river_drainage_area_sqmi, river_mainstem_length_km, river_elevation_ft, river_gage_datum_ft, river_latitude, river_longitude","{'river_drainage_area_sqmi': 0.0, 'river_mainstem_length_km': 1.0, 'river_elevation_ft': 0.0, 'river_gage_datum_ft': 1.0, 'river_latitude': 0.0, 'river_longitude': 0.0}"
02221525.csv,OK,4018,65,river_id,2221525,river_name,Murder Creek below Eatonton,date,2014-01-01,2024-12-31,4018.0,0.0,True,usgs_00060_discharge_cubic_feet_per_second,1.0,0.0,0.0,147.12508837440876,4540.0,True,weather_precipitation_sum,4018.0,0.0,0.0,,,0.33849599877474446,22,"river_drainage_area_sqmi, river_mainstem_length_km, river_elevation_ft, river_gage_datum_ft, river_latitude, river_longitude","{'river_drainage_area_sqmi': 0.0, 'river_mainstem_length_km': 1.0, 'river_elevation_ft': 0.0, 'river_gage_datum_ft': 1.0, 'river_latitude': 0.0, 'river_longitude': 0.0}"
03050000.csv,OK,4018,63,river_id,3050000,river_name,Tygart Valley River near Dailey,date,2014-01-01,2024-12-31,4018.0,0.0,True,usgs_00060_discharge_cubic_feet_per_second,0.0,0.0,0.0,355.75678944748626,8430.0,True,usgs_00045_precipitation_total_inches,779.0,0.0,1752.0,0.11530101883297314,3.2,0.3681567865241334,23,"river_drainage_area_sqmi, river_mainstem_length_km, river_elevation_ft, river_gage_datum_ft, river_latitude, river_longitude","{'river_drainage_area_sqmi': 0.0, 'river_mainstem_length_km': 1.0, 'river_elevation_ft': 0.0, 'river_gage_datum_ft': 1.0, 'river_latitude': 0.0, 'river_longitude': 0.0}"
03070500 (2).csv,OK,4018,62,river_id,3070500,river_name,Big Sandy Creek at Rockville,date,2014-01-01,2024-12-31,4018.0,0.0,True,usgs_00060_discharge_cubic_feet_per_second,1.0,0.0,0.0,412.17487179487176,10500.0,True,weather_precipitation_sum,4018.0,0.0,0.0,,,0.37097175612967453,23,"river_drainage_area_sqmi, river_mainstem_length_km, river_elevation_ft, river_gage_datum_ft, river_latitude, river_longitude","{'river_drainage_area_sqmi': 0.0, 'river_mainstem_length_km': 1.0, 'river_elevation_ft': 0.0, 'river_gage_datum_ft': 1.0, 'river_latitude': 0.0, 'river_longitude': 0.0}"
03070500.csv,OK,4017,5,river_id,3070500,river_name,Big Sandy Creek at Rockville,date,2014-01-01,2024-12-31,4017.0,0.0,True,streamflow,0.0,0.0,0.0,412.17487179487176,10500.0,True,rainfall,0.0,0.0,2493.0,3.0246452576549663,94.0,0.0,0,,{}
audit_columns_inventory.csv,OK,261,2,,,,,,,,,,False,,,,,,,False,,,,,,,0.0,0,,{}
audit_core_columns_presence.csv,OK,103,9,river_id,True,river_name,True,date,,,,,True,usgs_00060_discharge_cubic_feet_per_second,0.0,0.0,51.0,0.5048543689320388,1.0,True,usgs_00045_precipitation_total_inches,0.0,0.0,97.0,0.05825242718446602,1.0,0.0,0,"river_drainage_area_sqmi, river_mainstem_length_km, river_elevation_ft","{'river_drainage_area_sqmi': 0.0, 'river_mainstem_length_km': 0.0, 'river_elevation_ft': 0.0}"
audit_summary_all_rivers.csv,OK,103,31,,,,,,,,,,False,,,,,,,False,,,,,,,0.37644848105230194,6,,{}
baseline_regression_metrics_by_horizon.csv,OK,10,4,,,,,,,,,,False,,,,,,,False,,,,,,,0.0,0,,{}
baseline_regression_summary.csv,OK,1,5,,,,,,,,,,False,,,,,,,False,,,,,,,0.0,0,,{}
clean_classification_dataset.csv,OK,36467,25,river_id,1434000,,,,,,,,False,,,,,,,False,,,,,,,0.0,0,"river_drainage_area_sqmi, river_elevation_ft, river_latitude, river_longitude","{'river_drainage_area_sqmi': 0.0, 'river_elevation_ft': 0.0, 'river_latitude': 0.0, 'river_longitude': 0.0}"
clean_is_flood_feature_importance.csv,OK,25,2,,,,,,,,,,False,,,,,,,False,,,,,,,0.0,0,,{}
clean_is_flood_summary.csv,OK,1,8,,,,,,,,,,False,,,,,,,False,,,,,,,0.0,0,,{}
clean_is_flood_test_predictions.csv,OK,9652,152,river_id,1464500,river_name,,date,,,,,True,usgs_00060_discharge_cubic_feet_per_second,9652.0,0.0,0.0,,,True,usgs_00045_precipitation_total_inches,9652.0,0.0,0.0,,,0.8092105263157895,123,"river_drainage_area_sqmi, river_mainstem_length_km, river_elevation_ft, river_gage_datum_ft, river_latitude, river_longitude","{'river_drainage_area_sqmi': 0.0, 'river_mainstem_length_km': 1.0, 'river_elevation_ft': 0.0, 'river_gage_datum_ft': 1.0, 'river_latitude': 0.0, 'river_longitude': 0.0}"
clean_is_flood_threshold_tuning.csv,OK,91,4,,,,,,,,,,False,,,,,,,False,,,,,,,0.0,0,,{}
clean_rf_feature_importance.csv,OK,16,2,,,,,,,,,,False,,,,,,,False,,,,,,,0.0,0,,{}
clean_rf_metrics_by_horizon.csv,OK,10,6,,,,,,,,,,False,,,,,,,False,,,,,,,0.0,0,,{}
clean_rf_test_predictions.csv,OK,11792,27,river_id,1434000,,,,,,,,False,,,,,,,False,,,,,,,0.0,0,"river_drainage_area_sqmi, river_elevation_ft, river_latitude, river_longitude","{'river_drainage_area_sqmi': 0.0, 'river_elevation_ft': 0.0, 'river_latitude': 0.0, 'river_longitude': 0.0}"
clean_rf_threshold_tuning.csv,OK,81,4,,,,,,,,,,False,,,,,,,False,,,,,,,0.0,0,,{}
df_model.csv,OK,71853,81,river_id,1434000,,,date,2014-01-07,2024-12-26,4007.0,67846.0,False,,,,,,,True,weather_precipitation_sum,0.0,0.0,32234.0,3.200144739955187,148.2,0.0,0,"river_drainage_area_sqmi, river_elevation_ft, river_latitude, river_longitude","{'river_drainage_area_sqmi': 0.0, 'river_elevation_ft': 0.0, 'river_latitude': 0.0, 'river_longitude': 0.0}"
final_low_leakage_feature_importance.csv,OK,16,2,,,,,,,,,,False,,,,,,,False,,,,,,,0.0,0,,{}
final_low_leakage_summary.csv,OK,1,9,,,,,,,,,,False,,,,,,,False,,,,,,,0.0,0,,{}
final_low_leakage_thresholds.csv,OK,98,4,,,,,,,,,,False,,,,,,,False,,,,,,,0.0,0,,{}
lightgbm_day1_feature_importance.csv,OK,59,2,,,,,,,,,,False,,,,,,,False,,,,,,,0.0,0,,{}
lightgbm_direct_metrics_by_horizon.csv,OK,10,5,,,,,,,,,,False,,,,,,,False,,,,,,,0.0,0,,{}
lightgbm_direct_overall_metrics.csv,OK,1,3,,,,,,,,,,False,,,,,,,False,,,,,,,0.0,0,,{}
lightgbm_direct_vs_recursive_comparison.csv,OK,10,8,,,,,,,,,,False,,,,,,,False,,,,,,,0.0,0,,{}
lightgbm_recursive_metrics_by_horizon.csv,OK,10,4,,,,,,,,,,False,,,,,,,False,,,,,,,0.0,0,,{}
lightgbm_recursive_overall_metrics.csv,OK,1,3,,,,,,,,,,False,,,,,,,False,,,,,,,0.0,0,,{}
lstm_direct_log_metrics_by_horizon.csv,OK,10,4,,,,,,,,,,False,,,,,,,False,,,,,,,0.0,0,,{}
lstm_direct_log_overall_metrics.csv,OK,1,3,,,,,,,,,,False,,,,,,,False,,,,,,,0.0,0,,{}
lstm_direct_metrics_by_horizon.csv,OK,10,4,,,,,,,,,,False,,,,,,,False,,,,,,,0.0,0,,{}
lstm_direct_overall_metrics.csv,OK,1,3,,,,,,,,,,False,,,,,,,False,,,,,,,0.0,0,,{}
lstm_direct_vs_recursive_comparison.csv,OK,10,7,,,,,,,,,,False,,,,,,,False,,,,,,,0.0,0,,{}
lstm_direct_vs_recursive_log_comparison.csv,OK,10,7,,,,,,,,,,False,,,,,,,False,,,,,,,0.0,0,,{}
lstm_recursive_log_metrics_by_horizon.csv,OK,10,4,,,,,,,,,,False,,,,,,,False,,,,,,,0.0,0,,{}
lstm_recursive_log_overall_metrics.csv,OK,1,3,,,,,,,,,,False,,,,,,,False,,,,,,,0.0,0,,{}
lstm_recursive_metrics_by_horizon.csv,OK,10,4,,,,,,,,,,False,,,,,,,False,,,,,,,0.0,0,,{}
lstm_recursive_overall_metrics.csv,OK,1,3,,,,,,,,,,False,,,,,,,False,,,,,,,0.0,0,,{}
peak_flood_classification_results.csv,OK,36467,9,river_id,1434000,,,,,,,,False,,,,,,,False,,,,,,,0.0,0,,{}
peak_flood_metrics_by_horizon.csv,OK,10,5,,,,,,,,,,False,,,,,,,False,,,,,,,0.0,0,,{}
peak_regression_metrics_by_horizon.csv,OK,10,4,,,,,,,,,,False,,,,,,,False,,,,,,,0.0,0,,{}
recursive_baseline_metrics_by_horizon.csv,OK,10,4,,,,,,,,,,False,,,,,,,False,,,,,,,0.0,0,,{}
recursive_baseline_summary.csv,OK,1,5,,,,,,,,,,False,,,,,,,False,,,,,,,0.0,0,,{}
ridge_direct_metrics_by_horizon.csv,OK,10,5,,,,,,,,,,False,,,,,,,False,,,,,,,0.0,0,,{}
ridge_direct_overall_metrics.csv,OK,1,3,,,,,,,,,,False,,,,,,,False,,,,,,,0.0,0,,{}
ridge_direct_vs_recursive_comparison.csv,OK,10,8,,,,,,,,,,False,,,,,,,False,,,,,,,0.0,0,,{}
ridge_recursive_metrics_by_horizon.csv,OK,10,4,,,,,,,,,,False,,,,,,,False,,,,,,,0.0,0,,{}
ridge_recursive_overall_metrics.csv,OK,1,3,,,,,,,,,,False,,,,,,,False,,,,,,,0.0,0,,{}
threshold_flood_classification_results.csv,OK,48993,10,river_id,1434000,,,,,,,,False,,,,,,,False,,,,,,,0.0,0,,{}
threshold_flood_metrics_by_horizon.csv,OK,10,6,,,,,,,,,,False,,,,,,,False,,,,,,,0.0,0,,{}
threshold_tuning_results.csv,OK,6,4,,,,,,,,,,False,,,,,,,False,,,,,,,0.0,0,,{}
tuned_cv_feature_importance.csv,OK,25,2,,,,,,,,,,False,,,,,,,False,,,,,,,0.0,0,,{}
tuned_cv_summary.csv,OK,1,8,,,,,,,,,,False,,,,,,,False,,,,,,,0.0,0,,{}
tuned_cv_thresholds.csv,OK,98,4,,,,,,,,,,False,,,,,,,False,,,,,,,0.0,0,,{}
xgb_regression_metrics_by_horizon.csv,OK,10,4,,,,,,,,,,False,,,,,,,False,,,,,,,0.0,0,,{}
